chr19,39047341,39047342,SNP_A-4260892,0,+,39047341,39047342,"155,0,100",1,1,"0,"
chr11,99565103,99565104,SNP_A-2073070,0,+,99565103,99565104,"155,0,100",1,1,"0,"
chr10,89939573,89939574,SNP_A-1947733,0,+,89939573,89939574,"155,0,100",1,1,"0,"
chr7,41611663,41611664,SNP_A-4219469,0,+,41611663,41611664,"155,0,100",1,1,"0,"
chr5,60494796,60494797,SNP_A-2029326,0,+,60494796,60494797,"155,0,100",1,1,"0,"
chr2,102464905,102464906,SNP_A-2190474,0,+,102464905,102464906,"155,0,100",1,1,"0,"
chr11,16524781,16524782,SNP_A-2240054,0,+,16524781,16524782,"155,0,100",1,1,"0,"
chr2,219973852,219973853,SNP_A-4231945,0,+,219973852,219973853,"155,0,100",1,1,"0,"
chr1,57552834,57552835,SNP_A-4250115,0,+,57552834,57552835,"155,0,100",1,1,"0,"
chr1,29871096,29871097,SNP_A-1907042,0,+,29871096,29871097,"155,0,100",1,1,"0,"
chr12,121922963,121922964,SNP_A-2030598,0,+,121922963,121922964,"155,0,100",1,1,"0,"
chr3,23435235,23435236,SNP_A-1972053,0,+,23435235,23435236,"155,0,100",1,1,"0,"
chr4,25034475,25034476,SNP_A-1884844,0,+,25034475,25034476,"155,0,100",1,1,"0,"
chr2,223296830,223296831,SNP_A-2136329,0,+,223296830,223296831,"155,0,100",1,1,"0,"
chr1,15285941,15285942,SNP_A-2051480,0,+,15285941,15285942,"155,0,100",1,1,"0,"
chr16,54069037,54069038,SNP_A-4242608,0,+,54069037,54069038,"155,0,100",1,1,"0,"
chr4,59961203,59961204,SNP_A-2195531,0,+,59961203,59961204,"155,0,100",1,1,"0,"
chr11,81212635,81212636,SNP_A-2012619,0,+,81212635,81212636,"155,0,100",1,1,"0,"
chr11,12822016,12822017,SNP_A-2040134,0,+,12822016,12822017,"155,0,100",1,1,"0,"
chr14,25582866,25582867,SNP_A-2197412,0,+,25582866,25582867,"155,0,100",1,1,"0,"
chr9,96774425,96774426,SNP_A-1881522,0,+,96774425,96774426,"155,0,100",1,1,"0,"
chr12,21387176,21387177,SNP_A-2190588,0,+,21387176,21387177,"155,0,100",1,1,"0,"
chr13,68049955,68049956,SNP_A-2152222,0,+,68049955,68049956,"155,0,100",1,1,"0,"
chr13,69662188,69662189,SNP_A-1941019,0,+,69662188,69662189,"155,0,100",1,1,"0,"
chr8,59283630,59283631,SNP_A-2164719,0,+,59283630,59283631,"155,0,100",1,1,"0,"
chr11,12331132,12331133,SNP_A-1862652,0,+,12331132,12331133,"155,0,100",1,1,"0,"
chr14,54281991,54281992,SNP_A-2079683,0,+,54281991,54281992,"155,0,100",1,1,"0,"
chr4,27990392,27990393,SNP_A-4210047,0,+,27990392,27990393,"155,0,100",1,1,"0,"
