SNP_A-8689857,chr13,52834098,52834099,0,+,52834098,52834099,"155,0,100",1,1,"0,"
SNP_A-1925474,chr8,83278260,83278261,0,+,83278260,83278261,"155,0,100",1,1,"0,"
SNP_A-2200588,chr4,187024089,187024090,0,+,187024089,187024090,"155,0,100",1,1,"0,"
SNP_A-8635750,chrX,132272234,132272235,0,+,132272234,132272235,"155,0,100",1,1,"0,"
SNP_A-1797444,chr12,41968049,41968050,0,+,41968049,41968050,"155,0,100",1,1,"0,"
SNP_A-4256385,chr1,155435829,155435830,0,+,155435829,155435830,"155,0,100",1,1,"0,"
SNP_A-2046064,chr1,236850433,236850434,0,+,236850433,236850434,"155,0,100",1,1,"0,"
SNP_A-4243408,chr19,61442644,61442645,0,+,61442644,61442645,"155,0,100",1,1,"0,"
SNP_A-2274165,chr15,57670899,57670900,0,+,57670899,57670900,"155,0,100",1,1,"0,"
SNP_A-2030784,chr17,19667424,19667425,0,+,19667424,19667425,"155,0,100",1,1,"0,"
SNP_A-1859005,chr3,116366336,116366337,0,+,116366336,116366337,"155,0,100",1,1,"0,"
SNP_A-2279911,chr10,20676902,20676903,0,+,20676902,20676903,"155,0,100",1,1,"0,"
SNP_A-2175025,chr13,47704510,47704511,0,+,47704510,47704511,"155,0,100",1,1,"0,"
SNP_A-8699131,chr8,125762335,125762336,0,+,125762335,125762336,"155,0,100",1,1,"0,"
SNP_A-8394830,chr7,126188145,126188146,0,+,126188145,126188146,"155,0,100",1,1,"0,"
SNP_A-8665288,chr5,101259869,101259870,0,+,101259869,101259870,"155,0,100",1,1,"0,"
SNP_A-1902958,chr5,76707803,76707804,0,+,76707803,76707804,"155,0,100",1,1,"0,"
SNP_A-2199721,chr4,120876339,120876340,0,+,120876339,120876340,"155,0,100",1,1,"0,"
SNP_A-2153694,chr12,52202981,52202982,0,+,52202981,52202982,"155,0,100",1,1,"0,"
SNP_A-2153694,chr12,52202981,52202982,0,+,52202981,52202982,"155,0,100",1,1,"0,"
SNP_A-2234915,chr4,70655662,70655663,0,+,70655662,70655663,"155,0,100",1,1,"0,"
SNP_A-8575232,chr2,123449600,123449601,0,+,123449600,123449601,"155,0,100",1,1,"0,"
SNP_A-8685476,chr3,40724121,40724122,0,+,40724121,40724122,"155,0,100",1,1,"0,"
SNP_A-8521759,chrX,22871427,22871428,0,+,22871427,22871428,"155,0,100",1,1,"0,"
SNP_A-1976338,chr4,20056137,20056138,0,+,20056137,20056138,"155,0,100",1,1,"0,"
SNP_A-1879009,chrX,151953344,151953345,0,+,151953344,151953345,"155,0,100",1,1,"0,"
SNP_A-4279978,chr11,78453839,78453840,0,+,78453839,78453840,"155,0,100",1,1,"0,"
SNP_A-8631223,chr14,95507148,95507149,0,+,95507148,95507149,"155,0,100",1,1,"0,"
SNP_A-4291749,chr3,126060214,126060215,0,+,126060214,126060215,"155,0,100",1,1,"0,"
SNP_A-1899869,chr5,136427672,136427673,0,+,136427672,136427673,"155,0,100",1,1,"0,"
SNP_A-2098907,chr2,136427672,180164807,0,+,180164806,180164807,"155,0,100",1,1,"0,"
SNP_A-1904734,chr22,45457223,45457224,0,+,45457223,45457224,"155,0,100",1,1,"0,"
SNP_A-2104055,chr9,125302499,125302500,0,+,125302499,125302500,"155,0,100",1,1,"0,"
SNP_A-2147041,chr20,17236276,17236277,0,+,17236276,17236277,"155,0,100",1,1,"0,"
SNP_A-8303105,chr8,109133217,109133218,0,+,109133217,109133218,"155,0,100",1,1,"0,"
SNP_A-8364142,chrX,150702193,150702194,0,+,150702193,150702194,"155,0,100",1,1,"0,"
SNP_A-2002358,chr11,125647973,125647974,0,+,125647973,125647974,"155,0,100",1,1,"0,"
